{"1": 18.840579710144922, "11": 47.297297297297305, "2": 19.696969696969703, "12": 54.16666666666667, "3": 17.64705882352942, "13": 56.52173913043478, "21": 60.714285714285715, "20": 49.29577464788733, "31": 73.84615384615384, "22": 66.66666666666667, "40": 49.23076923076923, "30": 53.73134328358209}