{"1": 14.583333333333343, "11": 29.166666666666657, "2": 14.285714285714292, "12": 24.48979591836735, "3": 12.5, "13": 40.816326530612244, "21": 37.5, "20": 22.916666666666657, "31": 58.33333333333333, "22": 40.816326530612244}